{"stats":{"minecraft:dropped":{"minecraft:mutton":2,"minecraft:white_wool":1},"minecraft:crafted":{"minecraft:stone_axe":1,"minecraft:stick":8,"minecraft:stone_pickaxe":1,"minecraft:air":33,"minecraft:wooden_pickaxe":1},"minecraft:mined":{"minecraft:grass":1,"minecraft:grass_block":1,"minecraft:oak_log":8,"minecraft:dirt":3,"minecraft:stone":59,"minecraft:crafting_table":1},"minecraft:broken":{"minecraft:wooden_pickaxe":1},"minecraft:picked_up":{"swem:timothy_seeds":1,"minecraft:crafting_table":1,"minecraft:wheat_seeds":1,"ars_nouveau:worn_notebook":1,"minecraft:oak_log":8,"swem:oat_seeds":3,"minecraft:mutton":4,"minecraft:dirt":4,"minecraft:white_wool":2,"minecraft:cobblestone":59},"minecraft:used":{"minecraft:stone_axe":1,"minecraft:dirt":4,"minecraft:cobblestone":3,"minecraft:crafting_table":1,"minecraft:wooden_pickaxe":59},"minecraft:killed":{"minecraft:sheep":1},"minecraft:custom":{"minecraft:play_one_minute":77204,"minecraft:time_since_rest":77204,"minecraft:crouch_one_cm":79,"minecraft:sprint_one_cm":27739,"minecraft:walk_one_cm":31199,"minecraft:sneak_time":46,"minecraft:walk_under_water_one_cm":511,"minecraft:mob_kills":1,"minecraft:drop":2,"minecraft:damage_dealt_resisted":151,"minecraft:jump":288,"minecraft:damage_dealt":115,"minecraft:leave_game":3,"minecraft:time_since_death":77204,"minecraft:walk_on_water_one_cm":368,"minecraft:interact_with_crafting_table":2,"minecraft:fly_one_cm":197667,"minecraft:fall_one_cm":418}},"DataVersion":2586}