{"stats":{"minecraft:dropped":{"minecraft:mutton":2,"minecraft:white_wool":1},"minecraft:mined":{"minecraft:crafting_table":1,"minecraft:grass":1,"minecraft:grass_block":1,"minecraft:oak_log":8,"minecraft:dirt":3,"minecraft:stone":59},"minecraft:crafted":{"minecraft:stick":8,"minecraft:wooden_pickaxe":1,"minecraft:stone_pickaxe":1,"minecraft:stone_axe":1,"minecraft:air":33},"minecraft:broken":{"minecraft:wooden_pickaxe":1},"minecraft:used":{"minecraft:wooden_pickaxe":59,"minecraft:stone_axe":1,"minecraft:dirt":4,"minecraft:cobblestone":3,"minecraft:crafting_table":1},"minecraft:picked_up":{"swem:timothy_seeds":1,"minecraft:crafting_table":1,"minecraft:oak_log":8,"minecraft:dirt":4,"minecraft:wheat_seeds":1,"ars_nouveau:worn_notebook":1,"swem:oat_seeds":4,"minecraft:mutton":4,"minecraft:white_wool":2,"minecraft:cobblestone":59},"minecraft:killed":{"minecraft:sheep":1,"ars_nouveau:drygmy":1},"minecraft:custom":{"minecraft:time_since_rest":117232,"minecraft:sprint_one_cm":68195,"minecraft:walk_one_cm":51553,"minecraft:mob_kills":2,"minecraft:drop":2,"minecraft:damage_dealt":358,"minecraft:interact_with_crafting_table":2,"minecraft:fly_one_cm":328001,"minecraft:crouch_one_cm":269,"minecraft:play_one_minute":117232,"minecraft:sneak_time":151,"minecraft:walk_under_water_one_cm":1256,"minecraft:jump":529,"minecraft:damage_dealt_resisted":151,"minecraft:leave_game":7,"minecraft:walk_on_water_one_cm":470,"minecraft:time_since_death":117232,"minecraft:fall_one_cm":418}},"DataVersion":2586}